book_code,book_title,level,tafiya_name,page_num,page_text,image_path
T1-C-01,Colours All Around,Level 1,Tashi,P1,Red. The pepper is red.,C:\Users\Oluchi\OneDrive\Documents\Haaraya Literacy\05 - Illustrations\Raw AI Output\Tafiya\generated-images\T1-C-01_P1.png
T1-C-01,Colours All Around,Level 1,Tashi,P2,Yellow. The yam is yellow.,C:\Users\Oluchi\OneDrive\Documents\Haaraya Literacy\05 - Illustrations\Raw AI Output\Tafiya\generated-images\T1-C-01_P2.png
T1-C-01,Colours All Around,Level 1,Tashi,P3,Green. The leaf is green.,C:\Users\Oluchi\OneDrive\Documents\Haaraya Literacy\05 - Illustrations\Raw AI Output\Tafiya\generated-images\T1-C-01_P3.png
T1-C-01,Colours All Around,Level 1,Tashi,P4,Brown. The mat is brown.,C:\Users\Oluchi\OneDrive\Documents\Haaraya Literacy\05 - Illustrations\Raw AI Output\Tafiya\generated-images\T1-C-01_P4.png
T1-C-01,Colours All Around,Level 1,Tashi,P5,White. The goat is white.,C:\Users\Oluchi\OneDrive\Documents\Haaraya Literacy\05 - Illustrations\Raw AI Output\Tafiya\generated-images\T1-C-01_P5.png
T1-C-01,Colours All Around,Level 1,Tashi,P6,Black. The pot is black.,C:\Users\Oluchi\OneDrive\Documents\Haaraya Literacy\05 - Illustrations\Raw AI Output\Tafiya\generated-images\T1-C-01_P6.png
T1-C-01,Colours All Around,Level 1,Tashi,P7,Orange. The mango is orange.,C:\Users\Oluchi\OneDrive\Documents\Haaraya Literacy\05 - Illustrations\Raw AI Output\Tafiya\generated-images\T1-C-01_P7.png
T1-C-01,Colours All Around,Level 1,Tashi,P8,All the colours!,C:\Users\Oluchi\OneDrive\Documents\Haaraya Literacy\05 - Illustrations\Raw AI Output\Tafiya\generated-images\T1-C-01_P8.png
T1-C-02,Big and Small,Level 1,Tashi,P1,Big. The pot is big.,C:\Users\Oluchi\OneDrive\Documents\Haaraya Literacy\05 - Illustrations\Raw AI Output\Tafiya\generated-images\T1-C-02_P1.png
T1-C-02,Big and Small,Level 1,Tashi,P2,Small. The cup is small.,C:\Users\Oluchi\OneDrive\Documents\Haaraya Literacy\05 - Illustrations\Raw AI Output\Tafiya\generated-images\T1-C-02_P2.png
T1-C-02,Big and Small,Level 1,Tashi,P3,Big. The yam is big.,C:\Users\Oluchi\OneDrive\Documents\Haaraya Literacy\05 - Illustrations\Raw AI Output\Tafiya\generated-images\T1-C-02_P3.png
T1-C-02,Big and Small,Level 1,Tashi,P4,Small. The seed is small.,C:\Users\Oluchi\OneDrive\Documents\Haaraya Literacy\05 - Illustrations\Raw AI Output\Tafiya\generated-images\T1-C-02_P4.png
T1-C-02,Big and Small,Level 1,Tashi,P5,Big. The goat is big.,C:\Users\Oluchi\OneDrive\Documents\Haaraya Literacy\05 - Illustrations\Raw AI Output\Tafiya\generated-images\T1-C-02_P5.png
T1-C-02,Big and Small,Level 1,Tashi,P6,Small. The snail is small.,C:\Users\Oluchi\OneDrive\Documents\Haaraya Literacy\05 - Illustrations\Raw AI Output\Tafiya\generated-images\T1-C-02_P6.png
T1-C-02,Big and Small,Level 1,Tashi,P7,A big drum. A small drum.,C:\Users\Oluchi\OneDrive\Documents\Haaraya Literacy\05 - Illustrations\Raw AI Output\Tafiya\generated-images\T1-C-02_P7.png
T1-C-02,Big and Small,Level 1,Tashi,P8,Big and small!,C:\Users\Oluchi\OneDrive\Documents\Haaraya Literacy\05 - Illustrations\Raw AI Output\Tafiya\generated-images\T1-C-02_P8.png
T1-F-01,Naza at the Market,Level 1,Tashi,P1,Naza is at the market.,C:\Users\Oluchi\OneDrive\Documents\Haaraya Literacy\05 - Illustrations\Raw AI Output\Tafiya\generated-images\T1-F-01_P1.png
T1-F-01,Naza at the Market,Level 1,Tashi,P2,Mama has a big bag.,C:\Users\Oluchi\OneDrive\Documents\Haaraya Literacy\05 - Illustrations\Raw AI Output\Tafiya\generated-images\T1-F-01_P2.png
T1-F-01,Naza at the Market,Level 1,Tashi,P3,The mat is on the ground.,C:\Users\Oluchi\OneDrive\Documents\Haaraya Literacy\05 - Illustrations\Raw AI Output\Tafiya\generated-images\T1-F-01_P3.png
T1-F-01,Naza at the Market,Level 1,Tashi,P4,A pot is on the mat.,C:\Users\Oluchi\OneDrive\Documents\Haaraya Literacy\05 - Illustrations\Raw AI Output\Tafiya\generated-images\T1-F-01_P4.png
T1-F-01,Naza at the Market,Level 1,Tashi,P5,Naza can see a yam.,C:\Users\Oluchi\OneDrive\Documents\Haaraya Literacy\05 - Illustrations\Raw AI Output\Tafiya\generated-images\T1-F-01_P5.png
T1-F-01,Naza at the Market,Level 1,Tashi,P6,The yam is in the bag.,C:\Users\Oluchi\OneDrive\Documents\Haaraya Literacy\05 - Illustrations\Raw AI Output\Tafiya\generated-images\T1-F-01_P6.png
T1-F-01,Naza at the Market,Level 1,Tashi,P7,I can see Mama.,C:\Users\Oluchi\OneDrive\Documents\Haaraya Literacy\05 - Illustrations\Raw AI Output\Tafiya\generated-images\T1-F-01_P7.png
T1-F-01,Naza at the Market,Level 1,Tashi,P8,Naza and Mama go home.,C:\Users\Oluchi\OneDrive\Documents\Haaraya Literacy\05 - Illustrations\Raw AI Output\Tafiya\generated-images\T1-F-01_P8.png
T1-F-02,The Red Bag,Level 1,Tashi,P1,Ada has a bag.,C:\Users\Oluchi\OneDrive\Documents\Haaraya Literacy\05 - Illustrations\Raw AI Output\Tafiya\generated-images\T1-F-02_P1.png
T1-F-02,The Red Bag,Level 1,Tashi,P2,The bag is red.,C:\Users\Oluchi\OneDrive\Documents\Haaraya Literacy\05 - Illustrations\Raw AI Output\Tafiya\generated-images\T1-F-02_P2.png
T1-F-02,The Red Bag,Level 1,Tashi,P3,A book is in the bag.,C:\Users\Oluchi\OneDrive\Documents\Haaraya Literacy\05 - Illustrations\Raw AI Output\Tafiya\generated-images\T1-F-02_P3.png
T1-F-02,The Red Bag,Level 1,Tashi,P4,A fan is in the bag.,C:\Users\Oluchi\OneDrive\Documents\Haaraya Literacy\05 - Illustrations\Raw AI Output\Tafiya\generated-images\T1-F-02_P4.png
T1-F-02,The Red Bag,Level 1,Tashi,P5,A yam is in the bag!,C:\Users\Oluchi\OneDrive\Documents\Haaraya Literacy\05 - Illustrations\Raw AI Output\Tafiya\generated-images\T1-F-02_P5.png
T1-F-02,The Red Bag,Level 1,Tashi,P6,The bag is big!,C:\Users\Oluchi\OneDrive\Documents\Haaraya Literacy\05 - Illustrations\Raw AI Output\Tafiya\generated-images\T1-F-02_P6.png
T1-F-02,The Red Bag,Level 1,Tashi,P7,I can see it.,C:\Users\Oluchi\OneDrive\Documents\Haaraya Literacy\05 - Illustrations\Raw AI Output\Tafiya\generated-images\T1-F-02_P7.png
T1-F-02,The Red Bag,Level 1,Tashi,P8,Ada and the red bag.,C:\Users\Oluchi\OneDrive\Documents\Haaraya Literacy\05 - Illustrations\Raw AI Output\Tafiya\generated-images\T1-F-02_P8.png
T1-F-03,Emeka Can Run,Level 1,Tashi,P1,Emeka can run.,C:\Users\Oluchi\OneDrive\Documents\Haaraya Literacy\05 - Illustrations\Raw AI Output\Tafiya\generated-images\T1-F-03_P1.png
T1-F-03,Emeka Can Run,Level 1,Tashi,P2,He can run on the road.,C:\Users\Oluchi\OneDrive\Documents\Haaraya Literacy\05 - Illustrations\Raw AI Output\Tafiya\generated-images\T1-F-03_P2.png
T1-F-03,Emeka Can Run,Level 1,Tashi,P3,He can run to the tree.,C:\Users\Oluchi\OneDrive\Documents\Haaraya Literacy\05 - Illustrations\Raw AI Output\Tafiya\generated-images\T1-F-03_P3.png
T1-F-03,Emeka Can Run,Level 1,Tashi,P4,He can run to the gate.,C:\Users\Oluchi\OneDrive\Documents\Haaraya Literacy\05 - Illustrations\Raw AI Output\Tafiya\generated-images\T1-F-03_P4.png
T1-F-03,Emeka Can Run,Level 1,Tashi,P5,He can run and run!,C:\Users\Oluchi\OneDrive\Documents\Haaraya Literacy\05 - Illustrations\Raw AI Output\Tafiya\generated-images\T1-F-03_P5.png
T1-F-03,Emeka Can Run,Level 1,Tashi,P6,Emeka is at the well.,C:\Users\Oluchi\OneDrive\Documents\Haaraya Literacy\05 - Illustrations\Raw AI Output\Tafiya\generated-images\T1-F-03_P6.png
T1-F-03,Emeka Can Run,Level 1,Tashi,P7,He sat at the well.,C:\Users\Oluchi\OneDrive\Documents\Haaraya Literacy\05 - Illustrations\Raw AI Output\Tafiya\generated-images\T1-F-03_P7.png
T1-F-03,Emeka Can Run,Level 1,Tashi,P8,Emeka can run!,C:\Users\Oluchi\OneDrive\Documents\Haaraya Literacy\05 - Illustrations\Raw AI Output\Tafiya\generated-images\T1-F-03_P8.png
T1-F-04,Ada and the Goat,Level 1,Tashi,P1,Ada can see a goat.,C:\Users\Oluchi\OneDrive\Documents\Haaraya Literacy\05 - Illustrations\Raw AI Output\Tafiya\generated-images\T1-F-04_P1.png
T1-F-04,Ada and the Goat,Level 1,Tashi,P2,The goat is at the gate.,C:\Users\Oluchi\OneDrive\Documents\Haaraya Literacy\05 - Illustrations\Raw AI Output\Tafiya\generated-images\T1-F-04_P2.png
T1-F-04,Ada and the Goat,Level 1,Tashi,P3,The goat is on the mat!,C:\Users\Oluchi\OneDrive\Documents\Haaraya Literacy\05 - Illustrations\Raw AI Output\Tafiya\generated-images\T1-F-04_P3.png
T1-F-04,Ada and the Goat,Level 1,Tashi,P4,The goat is in the pot!,C:\Users\Oluchi\OneDrive\Documents\Haaraya Literacy\05 - Illustrations\Raw AI Output\Tafiya\generated-images\T1-F-04_P4.png
T1-F-04,Ada and the Goat,Level 1,Tashi,P5,"No, goat!",C:\Users\Oluchi\OneDrive\Documents\Haaraya Literacy\05 - Illustrations\Raw AI Output\Tafiya\generated-images\T1-F-04_P5.png
T1-F-04,Ada and the Goat,Level 1,Tashi,P6,Ada and the goat sat.,C:\Users\Oluchi\OneDrive\Documents\Haaraya Literacy\05 - Illustrations\Raw AI Output\Tafiya\generated-images\T1-F-04_P6.png
T1-F-04,Ada and the Goat,Level 1,Tashi,P7,The goat is a big goat.,C:\Users\Oluchi\OneDrive\Documents\Haaraya Literacy\05 - Illustrations\Raw AI Output\Tafiya\generated-images\T1-F-04_P7.png
T1-F-04,Ada and the Goat,Level 1,Tashi,P8,Ada and the goat.,C:\Users\Oluchi\OneDrive\Documents\Haaraya Literacy\05 - Illustrations\Raw AI Output\Tafiya\generated-images\T1-F-04_P8.png
T1-F-05,The Big Pot,Level 1,Tashi,P1,Mama has a big pot.,C:\Users\Oluchi\OneDrive\Documents\Haaraya Literacy\05 - Illustrations\Raw AI Output\Tafiya\generated-images\T1-F-05_P1.png
T1-F-05,The Big Pot,Level 1,Tashi,P2,The pot is on the fire.,C:\Users\Oluchi\OneDrive\Documents\Haaraya Literacy\05 - Illustrations\Raw AI Output\Tafiya\generated-images\T1-F-05_P2.png
T1-F-05,The Big Pot,Level 1,Tashi,P3,I can see the pot.,C:\Users\Oluchi\OneDrive\Documents\Haaraya Literacy\05 - Illustrations\Raw AI Output\Tafiya\generated-images\T1-F-05_P3.png
T1-F-05,The Big Pot,Level 1,Tashi,P4,The pot is hot!,C:\Users\Oluchi\OneDrive\Documents\Haaraya Literacy\05 - Illustrations\Raw AI Output\Tafiya\generated-images\T1-F-05_P4.png
T1-F-05,The Big Pot,Level 1,Tashi,P5,Mama sat at the pot.,C:\Users\Oluchi\OneDrive\Documents\Haaraya Literacy\05 - Illustrations\Raw AI Output\Tafiya\generated-images\T1-F-05_P5.png
T1-F-05,The Big Pot,Level 1,Tashi,P6,Naza can see the fire.,C:\Users\Oluchi\OneDrive\Documents\Haaraya Literacy\05 - Illustrations\Raw AI Output\Tafiya\generated-images\T1-F-05_P6.png
T1-F-05,The Big Pot,Level 1,Tashi,P7,Naza sat and sat.,C:\Users\Oluchi\OneDrive\Documents\Haaraya Literacy\05 - Illustrations\Raw AI Output\Tafiya\generated-images\T1-F-05_P7.png
T1-F-05,The Big Pot,Level 1,Tashi,P8,Mama and Naza and the pot.,C:\Users\Oluchi\OneDrive\Documents\Haaraya Literacy\05 - Illustrations\Raw AI Output\Tafiya\generated-images\T1-F-05_P8.png
T1-P-01,What Do I See?,Level 1,Tashi,POEM,"What do I see?
I see a yam.
What do I see?
I see a mat.
What do I see?
I see a pot.
What do I see?
I see a drum.
I see, I see,
I see it all!",C:\Users\Oluchi\OneDrive\Documents\Haaraya Literacy\05 - Illustrations\Raw AI Output\Tafiya\generated-images\T1-P-01_POEM.png
T1-P-02,Rain Is Coming!,Level 1,Tashi,POEM,"Rain is coming!
Run, run, run!
The mat is wet.
Run, run, run!
The bag is wet.
Run, run, run!
I am wet!
But the rain is good.
Rain, rain, come!
Come on the farm!",C:\Users\Oluchi\OneDrive\Documents\Haaraya Literacy\05 - Illustrations\Raw AI Output\Tafiya\generated-images\T1-P-02_POEM.png
T1-P-03,Morning in the Yard,Level 1,Tashi,POEM,"Morning is here.
The goat is up.
The hen is up.
The cat is up.
I am up!
Good morning, goat.
Good morning, hen.
Good morning, sun.
Good morning!",C:\Users\Oluchi\OneDrive\Documents\Haaraya Literacy\05 - Illustrations\Raw AI Output\Tafiya\generated-images\T1-P-03_POEM.png
T2-C-01,"One, Two, Three at the Market",Level 2,Mataki,P1,One. One big yam.,C:\Users\Oluchi\OneDrive\Documents\Haaraya Literacy\05 - Illustrations\Raw AI Output\Tafiya\generated-images\T2-C-01_P1.png
T2-C-01,"One, Two, Three at the Market",Level 2,Mataki,P2,Two. Two red peppers.,C:\Users\Oluchi\OneDrive\Documents\Haaraya Literacy\05 - Illustrations\Raw AI Output\Tafiya\generated-images\T2-C-01_P2.png
T2-C-01,"One, Two, Three at the Market",Level 2,Mataki,P3,Three. Three green mangoes.,C:\Users\Oluchi\OneDrive\Documents\Haaraya Literacy\05 - Illustrations\Raw AI Output\Tafiya\generated-images\T2-C-01_P3.png
T2-C-01,"One, Two, Three at the Market",Level 2,Mataki,P4,Four. Four brown eggs.,C:\Users\Oluchi\OneDrive\Documents\Haaraya Literacy\05 - Illustrations\Raw AI Output\Tafiya\generated-images\T2-C-01_P4.png
T2-C-01,"One, Two, Three at the Market",Level 2,Mataki,P5,Five. Five white onions.,C:\Users\Oluchi\OneDrive\Documents\Haaraya Literacy\05 - Illustrations\Raw AI Output\Tafiya\generated-images\T2-C-01_P5.png
T2-C-01,"One, Two, Three at the Market",Level 2,Mataki,P6,Six. Six yellow bananas.,C:\Users\Oluchi\OneDrive\Documents\Haaraya Literacy\05 - Illustrations\Raw AI Output\Tafiya\generated-images\T2-C-01_P6.png
T2-C-01,"One, Two, Three at the Market",Level 2,Mataki,P7,"Seven, eight, nine, ten! So many things at the market!",C:\Users\Oluchi\OneDrive\Documents\Haaraya Literacy\05 - Illustrations\Raw AI Output\Tafiya\generated-images\T2-C-01_P7.png
T2-C-01,"One, Two, Three at the Market",Level 2,Mataki,P8,I can count at the market!,C:\Users\Oluchi\OneDrive\Documents\Haaraya Literacy\05 - Illustrations\Raw AI Output\Tafiya\generated-images\T2-C-01_P8.png
T2-C-02,Where Is It?,Level 2,Mataki,P1,In. The yam is in the basket.,C:\Users\Oluchi\OneDrive\Documents\Haaraya Literacy\05 - Illustrations\Raw AI Output\Tafiya\generated-images\T2-C-02_P1.png
T2-C-02,Where Is It?,Level 2,Mataki,P2,On. The cup is on the mat.,C:\Users\Oluchi\OneDrive\Documents\Haaraya Literacy\05 - Illustrations\Raw AI Output\Tafiya\generated-images\T2-C-02_P2.png
T2-C-02,Where Is It?,Level 2,Mataki,P3,Under. The cat is under the table.,C:\Users\Oluchi\OneDrive\Documents\Haaraya Literacy\05 - Illustrations\Raw AI Output\Tafiya\generated-images\T2-C-02_P3.png
T2-C-02,Where Is It?,Level 2,Mataki,P4,Behind. The goat is behind the tree.,C:\Users\Oluchi\OneDrive\Documents\Haaraya Literacy\05 - Illustrations\Raw AI Output\Tafiya\generated-images\T2-C-02_P4.png
T2-C-02,Where Is It?,Level 2,Mataki,P5,In front. Kemi is in front of the door.,C:\Users\Oluchi\OneDrive\Documents\Haaraya Literacy\05 - Illustrations\Raw AI Output\Tafiya\generated-images\T2-C-02_P5.png
T2-C-02,Where Is It?,Level 2,Mataki,P6,Up. The kite is up in the sky.,C:\Users\Oluchi\OneDrive\Documents\Haaraya Literacy\05 - Illustrations\Raw AI Output\Tafiya\generated-images\T2-C-02_P6.png
T2-C-02,Where Is It?,Level 2,Mataki,P7,Down. The ball is down on the ground.,C:\Users\Oluchi\OneDrive\Documents\Haaraya Literacy\05 - Illustrations\Raw AI Output\Tafiya\generated-images\T2-C-02_P7.png
T2-C-02,Where Is It?,Level 2,Mataki,P8,Where is it? Can you find it?,C:\Users\Oluchi\OneDrive\Documents\Haaraya Literacy\05 - Illustrations\Raw AI Output\Tafiya\generated-images\T2-C-02_P8.png
T2-F-01,Kemi Goes to School,Level 2,Mataki,P1,Kemi has her bag. She is going to school.,C:\Users\Oluchi\OneDrive\Documents\Haaraya Literacy\05 - Illustrations\Raw AI Output\Tafiya\generated-images\T2-F-01_P1.png
T2-F-01,Kemi Goes to School,Level 2,Mataki,P2,"""Go, Kemi!"" said Mama. Kemi ran to the road.",C:\Users\Oluchi\OneDrive\Documents\Haaraya Literacy\05 - Illustrations\Raw AI Output\Tafiya\generated-images\T2-F-01_P2.png
T2-F-01,Kemi Goes to School,Level 2,Mataki,P3,She ran and ran. The school was far.,C:\Users\Oluchi\OneDrive\Documents\Haaraya Literacy\05 - Illustrations\Raw AI Output\Tafiya\generated-images\T2-F-01_P3.png
T2-F-01,Kemi Goes to School,Level 2,Mataki,P4,"Kemi saw her friend Ada. ""Come!"" said Ada.",C:\Users\Oluchi\OneDrive\Documents\Haaraya Literacy\05 - Illustrations\Raw AI Output\Tafiya\generated-images\T2-F-01_P4.png
T2-F-01,Kemi Goes to School,Level 2,Mataki,P5,Ada and Kemi ran to school. They were happy.,C:\Users\Oluchi\OneDrive\Documents\Haaraya Literacy\05 - Illustrations\Raw AI Output\Tafiya\generated-images\T2-F-01_P5.png
T2-F-01,Kemi Goes to School,Level 2,Mataki,P6,The teacher was at the gate. She was big and tall.,C:\Users\Oluchi\OneDrive\Documents\Haaraya Literacy\05 - Illustrations\Raw AI Output\Tafiya\generated-images\T2-F-01_P6.png
T2-F-01,Kemi Goes to School,Level 2,Mataki,P7,"""Come in!"" said the teacher. Kemi went in.",C:\Users\Oluchi\OneDrive\Documents\Haaraya Literacy\05 - Illustrations\Raw AI Output\Tafiya\generated-images\T2-F-01_P7.png
T2-F-01,Kemi Goes to School,Level 2,Mataki,P8,Kemi sat down. She had her bag. She was ready.,C:\Users\Oluchi\OneDrive\Documents\Haaraya Literacy\05 - Illustrations\Raw AI Output\Tafiya\generated-images\T2-F-01_P8.png
T2-F-02,"He Ran, She Ran",Level 2,Mataki,P1,Emeka and Ada were in the yard.,C:\Users\Oluchi\OneDrive\Documents\Haaraya Literacy\05 - Illustrations\Raw AI Output\Tafiya\generated-images\T2-F-02_P1.png
T2-F-02,"He Ran, She Ran",Level 2,Mataki,P2,"""I can run!"" said Emeka. He ran to the gate.",C:\Users\Oluchi\OneDrive\Documents\Haaraya Literacy\05 - Illustrations\Raw AI Output\Tafiya\generated-images\T2-F-02_P2.png
T2-F-02,"He Ran, She Ran",Level 2,Mataki,P3,"""I can run too!"" said Ada. She ran after him.",C:\Users\Oluchi\OneDrive\Documents\Haaraya Literacy\05 - Illustrations\Raw AI Output\Tafiya\generated-images\T2-F-02_P3.png
T2-F-02,"He Ran, She Ran",Level 2,Mataki,P4,He ran fast. She ran fast too.,C:\Users\Oluchi\OneDrive\Documents\Haaraya Literacy\05 - Illustrations\Raw AI Output\Tafiya\generated-images\T2-F-02_P4.png
T2-F-02,"He Ran, She Ran",Level 2,Mataki,P5,Emeka was at the tree. Ada was at the tree!,C:\Users\Oluchi\OneDrive\Documents\Haaraya Literacy\05 - Illustrations\Raw AI Output\Tafiya\generated-images\T2-F-02_P5.png
T2-F-02,"He Ran, She Ran",Level 2,Mataki,P6,They sat under the tree. They were tired.,C:\Users\Oluchi\OneDrive\Documents\Haaraya Literacy\05 - Illustrations\Raw AI Output\Tafiya\generated-images\T2-F-02_P6.png
T2-F-02,"He Ran, She Ran",Level 2,Mataki,P7,"""You ran fast,"" said Emeka. Ada smiled.",C:\Users\Oluchi\OneDrive\Documents\Haaraya Literacy\05 - Illustrations\Raw AI Output\Tafiya\generated-images\T2-F-02_P7.png
T2-F-02,"He Ran, She Ran",Level 2,Mataki,P8,He was happy. She was happy. They were happy.,C:\Users\Oluchi\OneDrive\Documents\Haaraya Literacy\05 - Illustrations\Raw AI Output\Tafiya\generated-images\T2-F-02_P8.png
T2-F-03,My Mother's Fan,Level 2,Mataki,P1,Kemi's mother had a fan. It was a big fan.,C:\Users\Oluchi\OneDrive\Documents\Haaraya Literacy\05 - Illustrations\Raw AI Output\Tafiya\generated-images\T2-F-03_P1.png
T2-F-03,My Mother's Fan,Level 2,Mataki,P2,Mama sat and used her fan. She was hot.,C:\Users\Oluchi\OneDrive\Documents\Haaraya Literacy\05 - Illustrations\Raw AI Output\Tafiya\generated-images\T2-F-03_P2.png
T2-F-03,My Mother's Fan,Level 2,Mataki,P3,Kemi took the fan. She ran to the yard.,C:\Users\Oluchi\OneDrive\Documents\Haaraya Literacy\05 - Illustrations\Raw AI Output\Tafiya\generated-images\T2-F-03_P3.png
T2-F-03,My Mother's Fan,Level 2,Mataki,P4,"""My fan!"" said Mama. ""Where is my fan?""",C:\Users\Oluchi\OneDrive\Documents\Haaraya Literacy\05 - Illustrations\Raw AI Output\Tafiya\generated-images\T2-F-03_P4.png
T2-F-03,My Mother's Fan,Level 2,Mataki,P5,Kemi was in the yard with the fan. She was happy.,C:\Users\Oluchi\OneDrive\Documents\Haaraya Literacy\05 - Illustrations\Raw AI Output\Tafiya\generated-images\T2-F-03_P5.png
T2-F-03,My Mother's Fan,Level 2,Mataki,P6,Mama came to the yard. She saw Kemi.,C:\Users\Oluchi\OneDrive\Documents\Haaraya Literacy\05 - Illustrations\Raw AI Output\Tafiya\generated-images\T2-F-03_P6.png
T2-F-03,My Mother's Fan,Level 2,Mataki,P7,"""That is my fan,"" said Mama. She was not angry.",C:\Users\Oluchi\OneDrive\Documents\Haaraya Literacy\05 - Illustrations\Raw AI Output\Tafiya\generated-images\T2-F-03_P7.png
T2-F-03,My Mother's Fan,Level 2,Mataki,P8,Kemi gave Mama the fan. They sat together.,C:\Users\Oluchi\OneDrive\Documents\Haaraya Literacy\05 - Illustrations\Raw AI Output\Tafiya\generated-images\T2-F-03_P8.png
T2-F-04,Amina's Kite,Level 2,Mataki,P1,Amina had a kite. It was her kite.,C:\Users\Oluchi\OneDrive\Documents\Haaraya Literacy\05 - Illustrations\Raw AI Output\Tafiya\generated-images\T2-F-04_P1.png
T2-F-04,Amina's Kite,Level 2,Mataki,P2,She ran with her kite. The kite went up!,C:\Users\Oluchi\OneDrive\Documents\Haaraya Literacy\05 - Illustrations\Raw AI Output\Tafiya\generated-images\T2-F-04_P2.png
T2-F-04,Amina's Kite,Level 2,Mataki,P3,Her kite was in the sky. It was high up!,C:\Users\Oluchi\OneDrive\Documents\Haaraya Literacy\05 - Illustrations\Raw AI Output\Tafiya\generated-images\T2-F-04_P3.png
T2-F-04,Amina's Kite,Level 2,Mataki,P4,The kite went over the tree. Amina ran after it.,C:\Users\Oluchi\OneDrive\Documents\Haaraya Literacy\05 - Illustrations\Raw AI Output\Tafiya\generated-images\T2-F-04_P4.png
T2-F-04,Amina's Kite,Level 2,Mataki,P5,The kite was stuck in the tree. Amina stopped.,C:\Users\Oluchi\OneDrive\Documents\Haaraya Literacy\05 - Illustrations\Raw AI Output\Tafiya\generated-images\T2-F-04_P5.png
T2-F-04,Amina's Kite,Level 2,Mataki,P6,"""My kite!"" said Amina. She was sad.",C:\Users\Oluchi\OneDrive\Documents\Haaraya Literacy\05 - Illustrations\Raw AI Output\Tafiya\generated-images\T2-F-04_P6.png
T2-F-04,Amina's Kite,Level 2,Mataki,P7,Emeka came. He was tall. He got the kite.,C:\Users\Oluchi\OneDrive\Documents\Haaraya Literacy\05 - Illustrations\Raw AI Output\Tafiya\generated-images\T2-F-04_P7.png
T2-F-04,Amina's Kite,Level 2,Mataki,P8,"""Thank you!"" said Amina. She ran with her kite.",C:\Users\Oluchi\OneDrive\Documents\Haaraya Literacy\05 - Illustrations\Raw AI Output\Tafiya\generated-images\T2-F-04_P8.png
T2-F-05,The Wet Mat,Level 2,Mataki,P1,Mama had a mat. It was on the ground.,C:\Users\Oluchi\OneDrive\Documents\Haaraya Literacy\05 - Illustrations\Raw AI Output\Tafiya\generated-images\T2-F-05_P1.png
T2-F-05,The Wet Mat,Level 2,Mataki,P2,Rain came! The mat got wet.,C:\Users\Oluchi\OneDrive\Documents\Haaraya Literacy\05 - Illustrations\Raw AI Output\Tafiya\generated-images\T2-F-05_P2.png
T2-F-05,The Wet Mat,Level 2,Mataki,P3,"""My mat!"" said Mama. She ran out.",C:\Users\Oluchi\OneDrive\Documents\Haaraya Literacy\05 - Illustrations\Raw AI Output\Tafiya\generated-images\T2-F-05_P3.png
T2-F-05,The Wet Mat,Level 2,Mataki,P4,Naza ran out too. The rain was big.,C:\Users\Oluchi\OneDrive\Documents\Haaraya Literacy\05 - Illustrations\Raw AI Output\Tafiya\generated-images\T2-F-05_P4.png
T2-F-05,The Wet Mat,Level 2,Mataki,P5,They got wet. The mat got wet.,C:\Users\Oluchi\OneDrive\Documents\Haaraya Literacy\05 - Illustrations\Raw AI Output\Tafiya\generated-images\T2-F-05_P5.png
T2-F-05,The Wet Mat,Level 2,Mataki,P6,Mama and Naza got the mat. They ran in.,C:\Users\Oluchi\OneDrive\Documents\Haaraya Literacy\05 - Illustrations\Raw AI Output\Tafiya\generated-images\T2-F-05_P6.png
T2-F-05,The Wet Mat,Level 2,Mataki,P7,Mama was wet. Naza was wet. The mat was wet!,C:\Users\Oluchi\OneDrive\Documents\Haaraya Literacy\05 - Illustrations\Raw AI Output\Tafiya\generated-images\T2-F-05_P7.png
T2-F-05,The Wet Mat,Level 2,Mataki,P8,Naza laughed. Mama laughed. It was funny!,C:\Users\Oluchi\OneDrive\Documents\Haaraya Literacy\05 - Illustrations\Raw AI Output\Tafiya\generated-images\T2-F-05_P8.png
T2-P-01,"The Drum, the Drum!",Level 2,Mataki,POEM,"Boom, boom, boom!
The drum is singing.
Boom, boom, boom!
My feet are dancing.
Boom, boom, boom!
My hands are clapping.
Boom, boom, boom!
We are all dancing!
Boom, boom, boom!
The drum is singing.
Boom, boom, BOOM!",C:\Users\Oluchi\OneDrive\Documents\Haaraya Literacy\05 - Illustrations\Raw AI Output\Tafiya\generated-images\T2-P-01_POEM.png
T2-P-02,Animals I Know,Level 2,Mataki,POEM,"I know the goat.
She says meh, meh, meh.
I know the hen.
She says cluck, cluck, cluck.
I know the cat.
She says miaow, miaow.
I know them all.
They live in my yard!",C:\Users\Oluchi\OneDrive\Documents\Haaraya Literacy\05 - Illustrations\Raw AI Output\Tafiya\generated-images\T2-P-02_POEM.png
T2-P-03,We Can!,Level 2,Mataki,POEM,"We can run!
We can jump!
We can sing!
We can drum!
We can read!
We can write!
We can! We can!
Yes, we can!",C:\Users\Oluchi\OneDrive\Documents\Haaraya Literacy\05 - Illustrations\Raw AI Output\Tafiya\generated-images\T2-P-03_POEM.png
T3-F-01,Ada and the Lost Hen,Level 3,Hanya,P1,"One morning, Ada went to the yard. She could not find the red hen.",C:\Users\Oluchi\OneDrive\Documents\Haaraya Literacy\05 - Illustrations\Raw AI Output\Tafiya\generated-images\T3-F-01_P1.png
T3-F-01,Ada and the Lost Hen,Level 3,Hanya,P2,"""Mama!"" called Ada. ""The hen is gone!"" Mama came quickly.",C:\Users\Oluchi\OneDrive\Documents\Haaraya Literacy\05 - Illustrations\Raw AI Output\Tafiya\generated-images\T3-F-01_P2.png
T3-F-01,Ada and the Lost Hen,Level 3,Hanya,P3,They looked behind the gate. They looked under the tree. No hen.,C:\Users\Oluchi\OneDrive\Documents\Haaraya Literacy\05 - Illustrations\Raw AI Output\Tafiya\generated-images\T3-F-01_P3.png
T3-F-01,Ada and the Lost Hen,Level 3,Hanya,P4,Ada looked in the kitchen. She looked by the big pot. No hen.,C:\Users\Oluchi\OneDrive\Documents\Haaraya Literacy\05 - Illustrations\Raw AI Output\Tafiya\generated-images\T3-F-01_P4.png
T3-F-01,Ada and the Lost Hen,Level 3,Hanya,P5,Ada was sad. She sat by the well and thought hard.,C:\Users\Oluchi\OneDrive\Documents\Haaraya Literacy\05 - Illustrations\Raw AI Output\Tafiya\generated-images\T3-F-01_P5.png
T3-F-01,Ada and the Lost Hen,Level 3,Hanya,P6,"Then she heard a sound. Cluck, cluck, cluck! She ran to the garden.",C:\Users\Oluchi\OneDrive\Documents\Haaraya Literacy\05 - Illustrations\Raw AI Output\Tafiya\generated-images\T3-F-01_P6.png
T3-F-01,Ada and the Lost Hen,Level 3,Hanya,P7,"The hen was in the garden, sitting on six brown eggs!",C:\Users\Oluchi\OneDrive\Documents\Haaraya Literacy\05 - Illustrations\Raw AI Output\Tafiya\generated-images\T3-F-01_P7.png
T3-F-01,Ada and the Lost Hen,Level 3,Hanya,P8,"""She has eggs!"" Ada called. Mama smiled. The hen was not lost after all.",C:\Users\Oluchi\OneDrive\Documents\Haaraya Literacy\05 - Illustrations\Raw AI Output\Tafiya\generated-images\T3-F-01_P8.png
T3-F-02,Bolu Wants a Drum,Level 3,Hanya,P1,Bolu wanted a drum. He wanted a big talking drum like Papa's.,C:\Users\Oluchi\OneDrive\Documents\Haaraya Literacy\05 - Illustrations\Raw AI Output\Tafiya\generated-images\T3-F-02_P1.png
T3-F-02,Bolu Wants a Drum,Level 3,Hanya,P2,"""Papa, can I have a drum?"" he asked. Papa looked at him.",C:\Users\Oluchi\OneDrive\Documents\Haaraya Literacy\05 - Illustrations\Raw AI Output\Tafiya\generated-images\T3-F-02_P2.png
T3-F-02,Bolu Wants a Drum,Level 3,Hanya,P3,"""Drums are not free,"" said Papa. ""You must earn it.""",C:\Users\Oluchi\OneDrive\Documents\Haaraya Literacy\05 - Illustrations\Raw AI Output\Tafiya\generated-images\T3-F-02_P3.png
T3-F-02,Bolu Wants a Drum,Level 3,Hanya,P4,Bolu went to the market with Papa. He helped carry the bags.,C:\Users\Oluchi\OneDrive\Documents\Haaraya Literacy\05 - Illustrations\Raw AI Output\Tafiya\generated-images\T3-F-02_P4.png
T3-F-02,Bolu Wants a Drum,Level 3,Hanya,P5,He helped at the stall all day. He was tired but happy.,C:\Users\Oluchi\OneDrive\Documents\Haaraya Literacy\05 - Illustrations\Raw AI Output\Tafiya\generated-images\T3-F-02_P5.png
T3-F-02,Bolu Wants a Drum,Level 3,Hanya,P6,"That evening, Papa came home with something. It was wrapped in cloth.",C:\Users\Oluchi\OneDrive\Documents\Haaraya Literacy\05 - Illustrations\Raw AI Output\Tafiya\generated-images\T3-F-02_P6.png
T3-F-02,Bolu Wants a Drum,Level 3,Hanya,P7,Bolu opened it. It was a small drum — his own drum!,C:\Users\Oluchi\OneDrive\Documents\Haaraya Literacy\05 - Illustrations\Raw AI Output\Tafiya\generated-images\T3-F-02_P7.png
T3-F-02,Bolu Wants a Drum,Level 3,Hanya,P8,Bolu sat under the tree and played and played until the sun went down.,C:\Users\Oluchi\OneDrive\Documents\Haaraya Literacy\05 - Illustrations\Raw AI Output\Tafiya\generated-images\T3-F-02_P8.png
T3-F-03,The River Road,Level 3,Hanya,P1,"In the dry season, Amina went to see her grandma. Grandma lived far away, near the river.",C:\Users\Oluchi\OneDrive\Documents\Haaraya Literacy\05 - Illustrations\Raw AI Output\Tafiya\generated-images\T3-F-03_P1.png
T3-F-03,The River Road,Level 3,Hanya,P2,Amina walked along the river road. The tall grass was brown and dry.,C:\Users\Oluchi\OneDrive\Documents\Haaraya Literacy\05 - Illustrations\Raw AI Output\Tafiya\generated-images\T3-F-03_P2.png
T3-F-03,The River Road,Level 3,Hanya,P3,She saw a lizard on a red rock. She saw a hawk up in the sky.,C:\Users\Oluchi\OneDrive\Documents\Haaraya Literacy\05 - Illustrations\Raw AI Output\Tafiya\generated-images\T3-F-03_P3.png
T3-F-03,The River Road,Level 3,Hanya,P4,The road was long. Amina was tired. She sat under a shea tree to rest.,C:\Users\Oluchi\OneDrive\Documents\Haaraya Literacy\05 - Illustrations\Raw AI Output\Tafiya\generated-images\T3-F-03_P4.png
T3-F-03,The River Road,Level 3,Hanya,P5,Then she heard the river. She ran toward the sound. The river was cool and wide.,C:\Users\Oluchi\OneDrive\Documents\Haaraya Literacy\05 - Illustrations\Raw AI Output\Tafiya\generated-images\T3-F-03_P5.png
T3-F-03,The River Road,Level 3,Hanya,P6,"Grandma was at the riverbank, washing clothes. ""Amina!"" she cried. She held out her arms.",C:\Users\Oluchi\OneDrive\Documents\Haaraya Literacy\05 - Illustrations\Raw AI Output\Tafiya\generated-images\T3-F-03_P6.png
T3-F-03,The River Road,Level 3,Hanya,P7,Amina ran into Grandma's arms. They sat by the river and talked all afternoon.,C:\Users\Oluchi\OneDrive\Documents\Haaraya Literacy\05 - Illustrations\Raw AI Output\Tafiya\generated-images\T3-F-03_P7.png
T3-F-03,The River Road,Level 3,Hanya,P8,"When the sun was low, they walked home together. Amina held Grandma's hand all the way.",C:\Users\Oluchi\OneDrive\Documents\Haaraya Literacy\05 - Illustrations\Raw AI Output\Tafiya\generated-images\T3-F-03_P8.png
T3-F-04,Naza and the Rain,Level 3,Hanya,P1,It was the rainy season. Naza went with Papa to the farm.,C:\Users\Oluchi\OneDrive\Documents\Haaraya Literacy\05 - Illustrations\Raw AI Output\Tafiya\generated-images\T3-F-04_P1.png
T3-F-04,Naza and the Rain,Level 3,Hanya,P2,The farm was wide and green. Naza helped Papa plant yam seeds.,C:\Users\Oluchi\OneDrive\Documents\Haaraya Literacy\05 - Illustrations\Raw AI Output\Tafiya\generated-images\T3-F-04_P2.png
T3-F-04,Naza and the Rain,Level 3,Hanya,P3,"Dark clouds came in fast. ""Rain is coming!"" said Papa.",C:\Users\Oluchi\OneDrive\Documents\Haaraya Literacy\05 - Illustrations\Raw AI Output\Tafiya\generated-images\T3-F-04_P3.png
T3-F-04,Naza and the Rain,Level 3,Hanya,P4,The rain fell hard. So Papa and Naza ran to the shed.,C:\Users\Oluchi\OneDrive\Documents\Haaraya Literacy\05 - Illustrations\Raw AI Output\Tafiya\generated-images\T3-F-04_P4.png
T3-F-04,Naza and the Rain,Level 3,Hanya,P5,They sat in the shed and listened to the rain on the roof.,C:\Users\Oluchi\OneDrive\Documents\Haaraya Literacy\05 - Illustrations\Raw AI Output\Tafiya\generated-images\T3-F-04_P5.png
T3-F-04,Naza and the Rain,Level 3,Hanya,P6,Naza looked out. The farm was covered in silver rain.,C:\Users\Oluchi\OneDrive\Documents\Haaraya Literacy\05 - Illustrations\Raw AI Output\Tafiya\generated-images\T3-F-04_P6.png
T3-F-04,Naza and the Rain,Level 3,Hanya,P7,"""Rain is good,"" said Papa. ""It feeds the yam."" Naza nodded.",C:\Users\Oluchi\OneDrive\Documents\Haaraya Literacy\05 - Illustrations\Raw AI Output\Tafiya\generated-images\T3-F-04_P7.png
T3-F-04,Naza and the Rain,Level 3,Hanya,P8,"When the rain stopped, the farm smelled fresh. Naza and Papa walked home together.",C:\Users\Oluchi\OneDrive\Documents\Haaraya Literacy\05 - Illustrations\Raw AI Output\Tafiya\generated-images\T3-F-04_P8.png
T3-F-05,Bisi and the Bell,Level 3,Hanya,P1,"Bisi was the bell monitor at school. Every morning, she rang the bell for assembly.",C:\Users\Oluchi\OneDrive\Documents\Haaraya Literacy\05 - Illustrations\Raw AI Output\Tafiya\generated-images\T3-F-05_P1.png
T3-F-05,Bisi and the Bell,Level 3,Hanya,P2,"One morning, Bisi could not find the bell. She looked in her bag. She looked in her desk. No bell.",C:\Users\Oluchi\OneDrive\Documents\Haaraya Literacy\05 - Illustrations\Raw AI Output\Tafiya\generated-images\T3-F-05_P2.png
T3-F-05,Bisi and the Bell,Level 3,Hanya,P3,"""No bell!"" said Bisi. The children were waiting in the yard. They did not know what to do.",C:\Users\Oluchi\OneDrive\Documents\Haaraya Literacy\05 - Illustrations\Raw AI Output\Tafiya\generated-images\T3-F-05_P3.png
T3-F-05,Bisi and the Bell,Level 3,Hanya,P4,"Bisi went to her teacher. ""I cannot find the bell,"" she said. Her teacher was not angry.",C:\Users\Oluchi\OneDrive\Documents\Haaraya Literacy\05 - Illustrations\Raw AI Output\Tafiya\generated-images\T3-F-05_P4.png
T3-F-05,Bisi and the Bell,Level 3,Hanya,P5,"""Think, Bisi,"" said the teacher. ""Where did you last have it?"" Bisi thought hard.",C:\Users\Oluchi\OneDrive\Documents\Haaraya Literacy\05 - Illustrations\Raw AI Output\Tafiya\generated-images\T3-F-05_P5.png
T3-F-05,Bisi and the Bell,Level 3,Hanya,P6,Bisi ran to the gate. She had left the bell on the gatepost after school yesterday!,C:\Users\Oluchi\OneDrive\Documents\Haaraya Literacy\05 - Illustrations\Raw AI Output\Tafiya\generated-images\T3-F-05_P6.png
T3-F-05,Bisi and the Bell,Level 3,Hanya,P7,Bisi rang the bell. It rang out loud and clear. The children lined up at once.,C:\Users\Oluchi\OneDrive\Documents\Haaraya Literacy\05 - Illustrations\Raw AI Output\Tafiya\generated-images\T3-F-05_P7.png
T3-F-05,Bisi and the Bell,Level 3,Hanya,P8,"""Well done, Bisi,"" said the teacher. Bisi smiled. She would not leave the bell on the gatepost again.",C:\Users\Oluchi\OneDrive\Documents\Haaraya Literacy\05 - Illustrations\Raw AI Output\Tafiya\generated-images\T3-F-05_P8.png
T3-FT-01,Why the Tortoise Has a Cracked Shell,Level 3,Hanya,P1,"Long ago, Tortoise had a smooth, bright shell. He was very proud of it.",C:\Users\Oluchi\OneDrive\Documents\Haaraya Literacy\05 - Illustrations\Raw AI Output\Tafiya\generated-images\T3-FT-01_P1.png
T3-FT-01,Why the Tortoise Has a Cracked Shell,Level 3,Hanya,P2,"One day, all the birds were going to a feast in the sky. ""I want to come!"" said Tortoise.",C:\Users\Oluchi\OneDrive\Documents\Haaraya Literacy\05 - Illustrations\Raw AI Output\Tafiya\generated-images\T3-FT-01_P2.png
T3-FT-01,Why the Tortoise Has a Cracked Shell,Level 3,Hanya,P3,Each bird gave Tortoise one feather. He put them on and flew up with the birds.,C:\Users\Oluchi\OneDrive\Documents\Haaraya Literacy\05 - Illustrations\Raw AI Output\Tafiya\generated-images\T3-FT-01_P3.png
T3-FT-01,Why the Tortoise Has a Cracked Shell,Level 3,Hanya,P4,"At the feast, Tortoise ate and ate. He ate more than anyone. He was greedy.",C:\Users\Oluchi\OneDrive\Documents\Haaraya Literacy\05 - Illustrations\Raw AI Output\Tafiya\generated-images\T3-FT-01_P4.png
T3-FT-01,Why the Tortoise Has a Cracked Shell,Level 3,Hanya,P5,"The birds were angry. They took back their feathers, one by one.",C:\Users\Oluchi\OneDrive\Documents\Haaraya Literacy\05 - Illustrations\Raw AI Output\Tafiya\generated-images\T3-FT-01_P5.png
T3-FT-01,Why the Tortoise Has a Cracked Shell,Level 3,Hanya,P6,Tortoise was stuck in the sky. He had no feathers to fly home.,C:\Users\Oluchi\OneDrive\Documents\Haaraya Literacy\05 - Illustrations\Raw AI Output\Tafiya\generated-images\T3-FT-01_P6.png
T3-FT-01,Why the Tortoise Has a Cracked Shell,Level 3,Hanya,P7,He looked down at the earth. Then he jumped. He fell and fell and fell.,C:\Users\Oluchi\OneDrive\Documents\Haaraya Literacy\05 - Illustrations\Raw AI Output\Tafiya\generated-images\T3-FT-01_P7.png
T3-FT-01,Why the Tortoise Has a Cracked Shell,Level 3,Hanya,P8,"Tortoise hit the ground. His shell cracked into many pieces. And that is why, even today, the tortoise carries a cracked shell.",C:\Users\Oluchi\OneDrive\Documents\Haaraya Literacy\05 - Illustrations\Raw AI Output\Tafiya\generated-images\T3-FT-01_P8.png
T3-NF-01,How We Get Water,Level 3,Hanya,P1,"We need water every day. We drink it, cook with it, and wash with it.",C:\Users\Oluchi\OneDrive\Documents\Haaraya Literacy\05 - Illustrations\Raw AI Output\Tafiya\generated-images\T3-NF-01_P1.png
T3-NF-01,How We Get Water,Level 3,Hanya,P2,Some families get water from a well. They drop a bucket down and pull it up.,C:\Users\Oluchi\OneDrive\Documents\Haaraya Literacy\05 - Illustrations\Raw AI Output\Tafiya\generated-images\T3-NF-01_P2.png
T3-NF-01,How We Get Water,Level 3,Hanya,P3,Some families get water from a river or stream. They carry it home in pots on their heads.,C:\Users\Oluchi\OneDrive\Documents\Haaraya Literacy\05 - Illustrations\Raw AI Output\Tafiya\generated-images\T3-NF-01_P3.png
T3-NF-01,How We Get Water,Level 3,Hanya,P4,"Some families have a tap in their yard. When the tap is on, the water runs out.",C:\Users\Oluchi\OneDrive\Documents\Haaraya Literacy\05 - Illustrations\Raw AI Output\Tafiya\generated-images\T3-NF-01_P4.png
T3-NF-01,How We Get Water,Level 3,Hanya,P5,"In the dry season, water can be hard to find. People walk far to get it.",C:\Users\Oluchi\OneDrive\Documents\Haaraya Literacy\05 - Illustrations\Raw AI Output\Tafiya\generated-images\T3-NF-01_P5.png
T3-NF-01,How We Get Water,Level 3,Hanya,P6,"In the rainy season, rain fills the streams and wells. Water is everywhere.",C:\Users\Oluchi\OneDrive\Documents\Haaraya Literacy\05 - Illustrations\Raw AI Output\Tafiya\generated-images\T3-NF-01_P6.png
T3-NF-01,How We Get Water,Level 3,Hanya,P7,We must take care of our water. We must keep it clean.,C:\Users\Oluchi\OneDrive\Documents\Haaraya Literacy\05 - Illustrations\Raw AI Output\Tafiya\generated-images\T3-NF-01_P7.png
T3-NF-01,How We Get Water,Level 3,Hanya,P8,Water is life. Every drop is important.,C:\Users\Oluchi\OneDrive\Documents\Haaraya Literacy\05 - Illustrations\Raw AI Output\Tafiya\generated-images\T3-NF-01_P8.png
T3-NF-02,What Farmers Grow,Level 3,Hanya,P1,Nigeria has many good farmers. They grow food for all of us to eat.,C:\Users\Oluchi\OneDrive\Documents\Haaraya Literacy\05 - Illustrations\Raw AI Output\Tafiya\generated-images\T3-NF-02_P1.png
T3-NF-02,What Farmers Grow,Level 3,Hanya,P2,Farmers in the south grow yam and cassava. These foods grow under the ground.,C:\Users\Oluchi\OneDrive\Documents\Haaraya Literacy\05 - Illustrations\Raw AI Output\Tafiya\generated-images\T3-NF-02_P2.png
T3-NF-02,What Farmers Grow,Level 3,Hanya,P3,Farmers also grow plantain and palm fruit. These grow on tall trees.,C:\Users\Oluchi\OneDrive\Documents\Haaraya Literacy\05 - Illustrations\Raw AI Output\Tafiya\generated-images\T3-NF-02_P3.png
T3-NF-02,What Farmers Grow,Level 3,Hanya,P4,"In the north, farmers grow millet and sorghum. These are grains that grow tall in dry land.",C:\Users\Oluchi\OneDrive\Documents\Haaraya Literacy\05 - Illustrations\Raw AI Output\Tafiya\generated-images\T3-NF-02_P4.png
T3-NF-02,What Farmers Grow,Level 3,Hanya,P5,Many farmers grow tomatoes and peppers for the market. These are used in Nigerian cooking every day.,C:\Users\Oluchi\OneDrive\Documents\Haaraya Literacy\05 - Illustrations\Raw AI Output\Tafiya\generated-images\T3-NF-02_P5.png
T3-NF-02,What Farmers Grow,Level 3,Hanya,P6,Rice is grown in many parts of Nigeria. It is eaten with stew at most meals.,C:\Users\Oluchi\OneDrive\Documents\Haaraya Literacy\05 - Illustrations\Raw AI Output\Tafiya\generated-images\T3-NF-02_P6.png
T3-NF-02,What Farmers Grow,Level 3,Hanya,P7,"Farmers work hard. They dig the land, plant the seeds, and wait for rain.",C:\Users\Oluchi\OneDrive\Documents\Haaraya Literacy\05 - Illustrations\Raw AI Output\Tafiya\generated-images\T3-NF-02_P7.png
T3-NF-02,What Farmers Grow,Level 3,Hanya,P8,"When the harvest comes, the whole family helps. It is a time of joy and plenty.",C:\Users\Oluchi\OneDrive\Documents\Haaraya Literacy\05 - Illustrations\Raw AI Output\Tafiya\generated-images\T3-NF-02_P8.png
T3-P-01,The Harmattan,Level 3,Hanya,POEM,"The harmattan is coming.
Dust in the air.
The grass is yellow.
Brown leaves everywhere.
My lips are dry.
My skin is tight.
But the sky is wide and blue
And the stars are bright at night.
Harmattan, harmattan,
Cold in the morning sun.
But the rains will come again
When harmattan is done.",C:\Users\Oluchi\OneDrive\Documents\Haaraya Literacy\05 - Illustrations\Raw AI Output\Tafiya\generated-images\T3-P-01_POEM.png
T3-P-02,Market Day,Level 3,Hanya,POEM,"On market day, come!
The road is full of people.
On market day, come!
The stalls are full of colours.
Yam, pepper, onion, palm oil —
All the things we need.
Come and see the market.
Come and hear the noise.
On market day, everything is here.
On market day, come!",C:\Users\Oluchi\OneDrive\Documents\Haaraya Literacy\05 - Illustrations\Raw AI Output\Tafiya\generated-images\T3-P-02_POEM.png
T4-F-01,Emeka's Big Day,Level 4,Tafiya,P1,It was the day of the school play. Emeka was going to be the narrator. He had practised every day.,C:\Users\Oluchi\OneDrive\Documents\Haaraya Literacy\05 - Illustrations\Raw AI Output\Tafiya\generated-images\T4-F-01_P1.png
T4-F-01,Emeka's Big Day,Level 4,Tafiya,P2,"""Are you ready?"" Ada asked. Emeka shook his head. ""I cannot remember the words,"" he said.",C:\Users\Oluchi\OneDrive\Documents\Haaraya Literacy\05 - Illustrations\Raw AI Output\Tafiya\generated-images\T4-F-01_P2.png
T4-F-01,Emeka's Big Day,Level 4,Tafiya,P3,"""What do you remember?"" said Ada. Emeka thought. ""I remember the beginning,"" he said.",C:\Users\Oluchi\OneDrive\Documents\Haaraya Literacy\05 - Illustrations\Raw AI Output\Tafiya\generated-images\T4-F-01_P3.png
T4-F-01,Emeka's Big Day,Level 4,Tafiya,P4,"""Then start with what you know,"" said Ada. ""The rest will come."" Emeka was not sure.",C:\Users\Oluchi\OneDrive\Documents\Haaraya Literacy\05 - Illustrations\Raw AI Output\Tafiya\generated-images\T4-F-01_P4.png
T4-F-01,Emeka's Big Day,Level 4,Tafiya,P5,The play began. Emeka walked onto the stage. All the children were watching.,C:\Users\Oluchi\OneDrive\Documents\Haaraya Literacy\05 - Illustrations\Raw AI Output\Tafiya\generated-images\T4-F-01_P5.png
T4-F-01,Emeka's Big Day,Level 4,Tafiya,P6,He opened his mouth. The first words came. Then the next. And the next.,C:\Users\Oluchi\OneDrive\Documents\Haaraya Literacy\05 - Illustrations\Raw AI Output\Tafiya\generated-images\T4-F-01_P6.png
T4-F-01,Emeka's Big Day,Level 4,Tafiya,P7,"Emeka spoke every word from beginning to end. When he finished, the children clapped and cheered.",C:\Users\Oluchi\OneDrive\Documents\Haaraya Literacy\05 - Illustrations\Raw AI Output\Tafiya\generated-images\T4-F-01_P7.png
T4-F-01,Emeka's Big Day,Level 4,Tafiya,P8,"""How did you do it?"" Ada asked. ""I remembered what you said,"" Emeka told her. ""I started with what I knew.""",C:\Users\Oluchi\OneDrive\Documents\Haaraya Literacy\05 - Illustrations\Raw AI Output\Tafiya\generated-images\T4-F-01_P8.png
T4-F-02,Who Has the Drum?,Level 4,Tafiya,P1,Bolu's drum was gone. He had left it by the tree after school. Now it was not there.,C:\Users\Oluchi\OneDrive\Documents\Haaraya Literacy\05 - Illustrations\Raw AI Output\Tafiya\generated-images\T4-F-02_P1.png
T4-F-02,Who Has the Drum?,Level 4,Tafiya,P2,"""Where is my drum?"" Bolu asked. He looked behind the gate. He looked inside the shed.",C:\Users\Oluchi\OneDrive\Documents\Haaraya Literacy\05 - Illustrations\Raw AI Output\Tafiya\generated-images\T4-F-02_P2.png
T4-F-02,Who Has the Drum?,Level 4,Tafiya,P3,"He asked Naza. ""Have you seen my drum?"" Naza shook her head. ""I have not seen it,"" she said.",C:\Users\Oluchi\OneDrive\Documents\Haaraya Literacy\05 - Illustrations\Raw AI Output\Tafiya\generated-images\T4-F-02_P3.png
T4-F-02,Who Has the Drum?,Level 4,Tafiya,P4,"He asked Amina. ""Have you seen my drum?"" Amina smiled. ""Come with me,"" she said.",C:\Users\Oluchi\OneDrive\Documents\Haaraya Literacy\05 - Illustrations\Raw AI Output\Tafiya\generated-images\T4-F-02_P4.png
T4-F-02,Who Has the Drum?,Level 4,Tafiya,P5,"Amina led Bolu to the far side of the yard. There was the drum, under the mango tree.",C:\Users\Oluchi\OneDrive\Documents\Haaraya Literacy\05 - Illustrations\Raw AI Output\Tafiya\generated-images\T4-F-02_P5.png
T4-F-02,Who Has the Drum?,Level 4,Tafiya,P6,Sitting on the drum was the goat. The goat was using it as a seat.,C:\Users\Oluchi\OneDrive\Documents\Haaraya Literacy\05 - Illustrations\Raw AI Output\Tafiya\generated-images\T4-F-02_P6.png
T4-F-02,Who Has the Drum?,Level 4,Tafiya,P7,"""How did the goat move my drum?"" Bolu asked. Amina laughed. ""I think the goat likes music,"" she said.",C:\Users\Oluchi\OneDrive\Documents\Haaraya Literacy\05 - Illustrations\Raw AI Output\Tafiya\generated-images\T4-F-02_P7.png
T4-F-02,Who Has the Drum?,Level 4,Tafiya,P8,"Bolu picked up his drum. He played a long, loud beat. The goat ran away at once.",C:\Users\Oluchi\OneDrive\Documents\Haaraya Literacy\05 - Illustrations\Raw AI Output\Tafiya\generated-images\T4-F-02_P8.png
T4-F-03,Amina Goes to the Farm,Level 4,Tafiya,P1,"On the first day of harvest, Amina woke before the sun came up. Baba was already in the yard.",C:\Users\Oluchi\OneDrive\Documents\Haaraya Literacy\05 - Illustrations\Raw AI Output\Tafiya\generated-images\T4-F-03_P1.png
T4-F-03,Amina Goes to the Farm,Level 4,Tafiya,P2,"""Come, Amina,"" said Baba. ""Today you will help on the farm for the first time."" Amina's heart jumped with excitement.",C:\Users\Oluchi\OneDrive\Documents\Haaraya Literacy\05 - Illustrations\Raw AI Output\Tafiya\generated-images\T4-F-03_P2.png
T4-F-03,Amina Goes to the Farm,Level 4,Tafiya,P3,"They walked along the farm road as the sky turned orange. Yusuf walked ahead, carrying the big hoe.",C:\Users\Oluchi\OneDrive\Documents\Haaraya Literacy\05 - Illustrations\Raw AI Output\Tafiya\generated-images\T4-F-03_P3.png
T4-F-03,Amina Goes to the Farm,Level 4,Tafiya,P4,"The farm was wide and flat. Rows of millet stood tall, golden, and ready. ""This is what we planted,"" said Baba.",C:\Users\Oluchi\OneDrive\Documents\Haaraya Literacy\05 - Illustrations\Raw AI Output\Tafiya\generated-images\T4-F-03_P4.png
T4-F-03,Amina Goes to the Farm,Level 4,Tafiya,P5,Amina worked with her family all morning. She bundled the millet into neat sheaves while Baba and Yusuf cut.,C:\Users\Oluchi\OneDrive\Documents\Haaraya Literacy\05 - Illustrations\Raw AI Output\Tafiya\generated-images\T4-F-03_P5.png
T4-F-03,Amina Goes to the Farm,Level 4,Tafiya,P6,"By midday, they were tired and hungry. Baba's wife had brought tuwo shinkafa and soup wrapped in leaves.",C:\Users\Oluchi\OneDrive\Documents\Haaraya Literacy\05 - Illustrations\Raw AI Output\Tafiya\generated-images\T4-F-03_P6.png
T4-F-03,Amina Goes to the Farm,Level 4,Tafiya,P7,They ate under a tree. Amina was proud. Her hands were strong and her heart was full.,C:\Users\Oluchi\OneDrive\Documents\Haaraya Literacy\05 - Illustrations\Raw AI Output\Tafiya\generated-images\T4-F-03_P7.png
T4-F-03,Amina Goes to the Farm,Level 4,Tafiya,P8,"""When I grow up,"" Amina said, ""I will have a farm too."" Baba smiled. ""You already do,"" he said.",C:\Users\Oluchi\OneDrive\Documents\Haaraya Literacy\05 - Illustrations\Raw AI Output\Tafiya\generated-images\T4-F-03_P8.png
T4-F-04,Come to the River,Level 4,Tafiya,P1,"It was a Saturday and the three friends had nothing to do. ""Come to the river,"" said Naza. ""I know a good place.""",C:\Users\Oluchi\OneDrive\Documents\Haaraya Literacy\05 - Illustrations\Raw AI Output\Tafiya\generated-images\T4-F-04_P1.png
T4-F-04,Come to the River,Level 4,Tafiya,P2,They walked along the road out of the estate. The sun was not yet hot. Birds were singing in the trees.,C:\Users\Oluchi\OneDrive\Documents\Haaraya Literacy\05 - Illustrations\Raw AI Output\Tafiya\generated-images\T4-F-04_P2.png
T4-F-04,Come to the River,Level 4,Tafiya,P3,Naza led them down a path between tall grass. The path was narrow and the grass brushed their arms.,C:\Users\Oluchi\OneDrive\Documents\Haaraya Literacy\05 - Illustrations\Raw AI Output\Tafiya\generated-images\T4-F-04_P3.png
T4-F-04,Come to the River,Level 4,Tafiya,P4,"Then they heard it. A rushing, bubbling sound. ""The river!"" said Emeka. He started to run.",C:\Users\Oluchi\OneDrive\Documents\Haaraya Literacy\05 - Illustrations\Raw AI Output\Tafiya\generated-images\T4-F-04_P4.png
T4-F-04,Come to the River,Level 4,Tafiya,P5,"The river was wide and brown and fast. Rocks stood up from the water. ""Do not go in,"" said Naza. ""Just watch.""",C:\Users\Oluchi\OneDrive\Documents\Haaraya Literacy\05 - Illustrations\Raw AI Output\Tafiya\generated-images\T4-F-04_P5.png
T4-F-04,Come to the River,Level 4,Tafiya,P6,They sat on the bank. They saw a kingfisher dart from a branch and dive into the water.,C:\Users\Oluchi\OneDrive\Documents\Haaraya Literacy\05 - Illustrations\Raw AI Output\Tafiya\generated-images\T4-F-04_P6.png
T4-F-04,Come to the River,Level 4,Tafiya,P7,"""I did not know this was here,"" said Ada. ""It has always been here,"" said Naza. ""You just have to come and look.""",C:\Users\Oluchi\OneDrive\Documents\Haaraya Literacy\05 - Illustrations\Raw AI Output\Tafiya\generated-images\T4-F-04_P7.png
T4-F-04,Come to the River,Level 4,Tafiya,P8,"They stayed until the sun was high. Then they walked home slowly, still talking about the kingfisher and the river.",C:\Users\Oluchi\OneDrive\Documents\Haaraya Literacy\05 - Illustrations\Raw AI Output\Tafiya\generated-images\T4-F-04_P8.png
T4-F-05,Ada and the Crab,Level 4,Tafiya,P1,Ada and her new friend Stella went to the river one afternoon. Stella knew the river well.,C:\Users\Oluchi\OneDrive\Documents\Haaraya Literacy\05 - Illustrations\Raw AI Output\Tafiya\generated-images\T4-F-05_P1.png
T4-F-05,Ada and the Crab,Level 4,Tafiya,P2,"""Look,"" said Stella, pointing to a rock. Under the rock was a large brown crab, its claws raised.",C:\Users\Oluchi\OneDrive\Documents\Haaraya Literacy\05 - Illustrations\Raw AI Output\Tafiya\generated-images\T4-F-05_P2.png
T4-F-05,Ada and the Crab,Level 4,Tafiya,P3,"""How do we catch it?"" Ada asked. Stella shook her head. ""We do not catch it,"" she said. ""We just look.""",C:\Users\Oluchi\OneDrive\Documents\Haaraya Literacy\05 - Illustrations\Raw AI Output\Tafiya\generated-images\T4-F-05_P3.png
T4-F-05,Ada and the Crab,Level 4,Tafiya,P4,Ada lay flat on the riverbank and looked closely. The crab had eight legs and two strong claws.,C:\Users\Oluchi\OneDrive\Documents\Haaraya Literacy\05 - Illustrations\Raw AI Output\Tafiya\generated-images\T4-F-05_P4.png
T4-F-05,Ada and the Crab,Level 4,Tafiya,P5,"""What does it eat?"" Ada asked. ""It eats small fish and river plants,"" said Stella. ""It is an important part of the river.""",C:\Users\Oluchi\OneDrive\Documents\Haaraya Literacy\05 - Illustrations\Raw AI Output\Tafiya\generated-images\T4-F-05_P5.png
T4-F-05,Ada and the Crab,Level 4,Tafiya,P6,They watched the crab for a long time. Then it moved sideways under the rock and was gone.,C:\Users\Oluchi\OneDrive\Documents\Haaraya Literacy\05 - Illustrations\Raw AI Output\Tafiya\generated-images\T4-F-05_P6.png
T4-F-05,Ada and the Crab,Level 4,Tafiya,P7,"""I want to write about it,"" said Ada. ""I will draw it in my book tonight.""",C:\Users\Oluchi\OneDrive\Documents\Haaraya Literacy\05 - Illustrations\Raw AI Output\Tafiya\generated-images\T4-F-05_P7.png
T4-F-05,Ada and the Crab,Level 4,Tafiya,P8,"That evening, Ada drew the crab with all eight legs. She wrote underneath: This is a crab. It lives in the river. It is important.",C:\Users\Oluchi\OneDrive\Documents\Haaraya Literacy\05 - Illustrations\Raw AI Output\Tafiya\generated-images\T4-F-05_P8.png
T4-FT-01,How Anansi Got All the Stories,Level 4,Tafiya,P1,"Long ago, all the stories in the world belonged to Nyame, the Sky God. He kept them locked away. Anansi the spider wanted those stories more than anything.",C:\Users\Oluchi\OneDrive\Documents\Haaraya Literacy\05 - Illustrations\Raw AI Output\Tafiya\generated-images\T4-FT-01_P1.png
T4-FT-01,How Anansi Got All the Stories,Level 4,Tafiya,P2,"Anansi climbed up his web to the sky and asked Nyame for the stories. Nyame laughed. ""What can a small spider give me for all the stories of the world?""",C:\Users\Oluchi\OneDrive\Documents\Haaraya Literacy\05 - Illustrations\Raw AI Output\Tafiya\generated-images\T4-FT-01_P2.png
T4-FT-01,How Anansi Got All the Stories,Level 4,Tafiya,P3,"""Name your price,"" said Anansi. Nyame smiled. ""Bring me the python, the hornets, and the leopard,"" he said.",C:\Users\Oluchi\OneDrive\Documents\Haaraya Literacy\05 - Illustrations\Raw AI Output\Tafiya\generated-images\T4-FT-01_P3.png
T4-FT-01,How Anansi Got All the Stories,Level 4,Tafiya,P4,"For the python, Anansi said, ""People say you cannot stretch as long as this bamboo stick."" The python stretched to prove him wrong. Anansi tied him to the stick with spider thread.",C:\Users\Oluchi\OneDrive\Documents\Haaraya Literacy\05 - Illustrations\Raw AI Output\Tafiya\generated-images\T4-FT-01_P4.png
T4-FT-01,How Anansi Got All the Stories,Level 4,Tafiya,P5,"For the hornets, Anansi poured water on them. ""Fly into my gourd to stay dry!"" he cried. They flew in. He stopped up the gourd.",C:\Users\Oluchi\OneDrive\Documents\Haaraya Literacy\05 - Illustrations\Raw AI Output\Tafiya\generated-images\T4-FT-01_P5.png
T4-FT-01,How Anansi Got All the Stories,Level 4,Tafiya,P6,"For the leopard, Anansi dug a pit and covered it with sticks. The leopard fell in. Anansi helped him out — but tied his legs while doing so.",C:\Users\Oluchi\OneDrive\Documents\Haaraya Literacy\05 - Illustrations\Raw AI Output\Tafiya\generated-images\T4-FT-01_P6.png
T4-FT-01,How Anansi Got All the Stories,Level 4,Tafiya,P7,"Anansi brought all three to Nyame. The Sky God shook his head in wonder. ""How did you do this?"" he asked.",C:\Users\Oluchi\OneDrive\Documents\Haaraya Literacy\05 - Illustrations\Raw AI Output\Tafiya\generated-images\T4-FT-01_P7.png
T4-FT-01,How Anansi Got All the Stories,Level 4,Tafiya,P8,"Nyame gave Anansi the golden box. From that day, all the stories in the world have belonged to Anansi — and so to all of us.",C:\Users\Oluchi\OneDrive\Documents\Haaraya Literacy\05 - Illustrations\Raw AI Output\Tafiya\generated-images\T4-FT-01_P8.png
T4-NF-01,How We Cook Jollof Rice,Level 4,Tafiya,P1,Jollof rice is one of Nigeria's most loved foods. It is cooked at celebrations and eaten every day in many homes.,C:\Users\Oluchi\OneDrive\Documents\Haaraya Literacy\05 - Illustrations\Raw AI Output\Tafiya\generated-images\T4-NF-01_P1.png
T4-NF-01,How We Cook Jollof Rice,Level 4,Tafiya,P2,"To make jollof, you need rice, tomatoes, peppers, onions, palm oil, and seasoning. These are the things that go into a good pot of jollof.",C:\Users\Oluchi\OneDrive\Documents\Haaraya Literacy\05 - Illustrations\Raw AI Output\Tafiya\generated-images\T4-NF-01_P2.png
T4-NF-01,How We Cook Jollof Rice,Level 4,Tafiya,P3,"First, blend the tomatoes, peppers, and onions together until they are smooth. This is the tomato base.",C:\Users\Oluchi\OneDrive\Documents\Haaraya Literacy\05 - Illustrations\Raw AI Output\Tafiya\generated-images\T4-NF-01_P3.png
T4-NF-01,How We Cook Jollof Rice,Level 4,Tafiya,P4,"Next, heat the palm oil in a big pot. Add the tomato base and fry it, stirring, until the raw smell is gone.",C:\Users\Oluchi\OneDrive\Documents\Haaraya Literacy\05 - Illustrations\Raw AI Output\Tafiya\generated-images\T4-NF-01_P4.png
T4-NF-01,How We Cook Jollof Rice,Level 4,Tafiya,P5,Then add water and seasoning. Let it boil. Taste it and adjust the seasoning.,C:\Users\Oluchi\OneDrive\Documents\Haaraya Literacy\05 - Illustrations\Raw AI Output\Tafiya\generated-images\T4-NF-01_P5.png
T4-NF-01,How We Cook Jollof Rice,Level 4,Tafiya,P6,Now wash the rice and add it to the pot. Put the lid on. Lower the heat and leave it.,C:\Users\Oluchi\OneDrive\Documents\Haaraya Literacy\05 - Illustrations\Raw AI Output\Tafiya\generated-images\T4-NF-01_P6.png
T4-NF-01,How We Cook Jollof Rice,Level 4,Tafiya,P7,"When the rice is tender and all the water has been absorbed, the jollof is ready. The bottom of the pot will be slightly browned — this is the best part.",C:\Users\Oluchi\OneDrive\Documents\Haaraya Literacy\05 - Illustrations\Raw AI Output\Tafiya\generated-images\T4-NF-01_P7.png
T4-NF-01,How We Cook Jollof Rice,Level 4,Tafiya,P8,"Serve the jollof with fried plantain, chicken, or fish. Eat with your family and enjoy.",C:\Users\Oluchi\OneDrive\Documents\Haaraya Literacy\05 - Illustrations\Raw AI Output\Tafiya\generated-images\T4-NF-01_P8.png
T4-NF-02,The Keke Napep,Level 4,Tafiya,P1,"In cities and towns across Nigeria, you will see a small three-wheeled vehicle. It is called a keke napep, or keke for short.",C:\Users\Oluchi\OneDrive\Documents\Haaraya Literacy\05 - Illustrations\Raw AI Output\Tafiya\generated-images\T4-NF-02_P1.png
T4-NF-02,The Keke Napep,Level 4,Tafiya,P2,"The keke has three wheels, a small engine at the back, and a covered seat where passengers sit. The driver sits at the front and steers with handlebars.",C:\Users\Oluchi\OneDrive\Documents\Haaraya Literacy\05 - Illustrations\Raw AI Output\Tafiya\generated-images\T4-NF-02_P2.png
T4-NF-02,The Keke Napep,Level 4,Tafiya,P3,"Keke napeps were first introduced to Nigeria in the early 2000s. Today, they are one of the most common forms of transport in many Nigerian cities.",C:\Users\Oluchi\OneDrive\Documents\Haaraya Literacy\05 - Illustrations\Raw AI Output\Tafiya\generated-images\T4-NF-02_P3.png
T4-NF-02,The Keke Napep,Level 4,Tafiya,P4,A keke can carry two or three passengers at a time. It is faster than walking and cheaper than a car.,C:\Users\Oluchi\OneDrive\Documents\Haaraya Literacy\05 - Illustrations\Raw AI Output\Tafiya\generated-images\T4-NF-02_P4.png
T4-NF-02,The Keke Napep,Level 4,Tafiya,P5,"Keke drivers know their neighbourhoods well. They know every road, every shortcut, and every market.",C:\Users\Oluchi\OneDrive\Documents\Haaraya Literacy\05 - Illustrations\Raw AI Output\Tafiya\generated-images\T4-NF-02_P5.png
T4-NF-02,The Keke Napep,Level 4,Tafiya,P6,"Keke napeps are important for people who need to travel short distances — from home to the market, from school to the house, from the clinic to the church.",C:\Users\Oluchi\OneDrive\Documents\Haaraya Literacy\05 - Illustrations\Raw AI Output\Tafiya\generated-images\T4-NF-02_P6.png
T4-NF-02,The Keke Napep,Level 4,Tafiya,P7,"Some keke drivers are women. In recent years, more and more women have become keke drivers in Nigerian cities.",C:\Users\Oluchi\OneDrive\Documents\Haaraya Literacy\05 - Illustrations\Raw AI Output\Tafiya\generated-images\T4-NF-02_P7.png
T4-NF-02,The Keke Napep,Level 4,Tafiya,P8,"The next time you see a keke, look at how it moves through traffic — quick, careful, and always busy.",C:\Users\Oluchi\OneDrive\Documents\Haaraya Literacy\05 - Illustrations\Raw AI Output\Tafiya\generated-images\T4-NF-02_P8.png
T4-P-01,Things I Like,Level 4,Tafiya,POEM,"I like the smell of rain on dry ground.
I like the sound the talking drum makes.
I like the taste of cold ogi in the morning.
I like the feel of warm sand between my toes.
I like the sight of the market all lit up.
I like the way the mango tree looks at sunset.
I like the songs my grandmother sings.
I like to read.
I like to learn.
I like being here,
in this place,
in this time,
with these people.
This is what I like.",C:\Users\Oluchi\OneDrive\Documents\Haaraya Literacy\05 - Illustrations\Raw AI Output\Tafiya\generated-images\T4-P-01_POEM.png
T4-P-02,The Journey,Level 4,Tafiya,POEM,"Every journey starts with one step.
Tashi — the beginning.
A step, a stumble, a step.
Mataki — you are moving.
The road gets longer.
The sky gets wider.
Hanya — the path is opening.
You know more than you knew.
Tafiya — you are on the journey now.
Keep going.
Keep reading.
Keep asking questions.
Every word is a step.
Every book is a road.
The journey never ends.
Go.",C:\Users\Oluchi\OneDrive\Documents\Haaraya Literacy\05 - Illustrations\Raw AI Output\Tafiya\generated-images\T4-P-02_POEM.png
